key,stimulus,properties,codes,raw_labels,frequencies
ability,ability,"['talent', 'training', 'limits', 'growth']","['VA', 'SM', 'VA', 'VA']","['other abstract concept', 'sensorimotor feature', 'other abstract concept', 'other abstract concept']","[0.25, 0.0, 0.0, 0.75]"
being,being,"['consciousness', 'existence', 'mortality', 'identity']","['IS_E', 'VA', 'VA', 'VA']","['internal state and emotion', 'other abstract concept', 'other abstract concept', 'other abstract concept']","[0.0, 0.25, 0.0, 0.75]"
anger,anger,"['traffic jam', 'clenched fists', 'red face', 'shouting match']","['VA', 'SM', 'SM', 'SC']","['association', 'sensorimotor feature', 'sensorimotor feature', 'social constellation']","[0.5, 0.0, 0.25, 0.25]"
aptitude,aptitude,"['curiosity', 'exams', 'career', 'growth']","['IS_E', 'VA', 'SC', 'VA']","['internal state and emotion', 'association', 'social constellation', 'other abstract concept']","[0.0, 0.25, 0.25, 0.5]"
boycott,boycott,"['protest', 'consumer', 'ethics', 'brand']","['SC', 'SC', 'VA', 'VA']","['social constellation', 'social constellation', 'other abstract concept', 'association']","[0.0, 0.0, 0.5, 0.5]"
chaos,chaos,"['traffic jam', 'broken clock', 'spilled paint', 'unexpected thunderstorm']","['SC', 'SM', 'SM', 'VA']","['social constellation', 'sensorimotor feature', 'sensorimotor feature', 'association']","[0.5, 0.0, 0.25, 0.25]"
appearance,appearance,"['mirror', 'first impression', 'makeup', 'camouflage']","['SM', 'SC', 'SM', 'VA']","['sensorimotor feature', 'social constellation', 'sensorimotor feature', 'other abstract concept']","[0.5, 0.0, 0.25, 0.25]"
caution,caution,"['traffic lights', 'warning signs', 'careful steps', 'safety goggles']","['VA', 'VA', 'SM', 'SM']","['association', 'association', 'sensorimotor feature', 'sensorimotor feature']","[0.5, 0.0, 0.0, 0.5]"
compulsion,compulsion,"['habit', 'cravings', 'rituals', 'anxiety']","['VA', 'IS_E', 'SM', 'IS_E']","['other abstract concept', 'internal state and emotion', 'sensorimotor feature', 'internal state and emotion']","[0.25, 0.5, 0.0, 0.25]"
courage,courage,"['battlefield', 'whistleblower', 'first step', 'roaring ocean']","['VA', 'SC', 'SM', 'VA']","['association', 'social constellation', 'sensorimotor feature', 'other abstract concept']","[0.25, 0.0, 0.25, 0.5]"
consideration,consideration,"['budget', 'meeting', 'ethics', 'delay']","['VA', 'SC', 'VA', 'VA']","['other abstract concept', 'social constellation', 'other abstract concept', 'association']","[0.0, 0.0, 0.25, 0.75]"
consolation,consolation,"['blanket', 'tea', 'sunrise', 'whispered advice']","['SM', 'SM', 'VA', 'SC']","['sensorimotor feature', 'sensorimotor feature', 'association', 'social constellation']","[0.5, 0.0, 0.25, 0.25]"
destruction,destruction,"['war', 'collapse', 'fire', 'ruin']","['SC', 'SM', 'SM', 'VA']","['social constellation', 'sensorimotor feature', 'sensorimotor feature', 'association']","[0.5, 0.0, 0.25, 0.25]"
decision,decision,"['crossroads', 'deadline', 'gamble', 'responsibility']","['VA', 'SM', 'VA', 'IS_E']","['association', 'sensorimotor feature', 'other abstract concept', 'internal state and emotion']","[0.25, 0.25, 0.0, 0.5]"
disgust,disgust,"['rotten food', 'grimy hands', 'foul odor', 'uneasy silence']","['SM', 'SM', 'SM', 'SC']","['sensorimotor feature', 'sensorimotor feature', 'sensorimotor feature', 'social constellation']","[0.75, 0.0, 0.25, 0.0]"
disappointment,disappointment,"['missed deadline', 'empty plate', 'broken promise', 'wilted flowers']","['VA', 'SM', 'SC', 'VA']","['other abstract concept', 'sensorimotor feature', 'social constellation', 'association']","[0.25, 0.0, 0.25, 0.5]"
distraction,distraction,"['phone notifications', 'daydreaming', 'traffic jam', 'noisy café']","['SM', 'IS_E', 'VA', 'SM']","['sensorimotor feature', 'internal state and emotion', 'association', 'sensorimotor feature']","[0.5, 0.25, 0.0, 0.25]"
downfall,downfall,"['empire', 'betrayal', 'collapse', 'scandal']","['VA', 'SC', 'SM', 'VA']","['other abstract concept', 'social constellation', 'sensorimotor feature', 'association']","[0.25, 0.0, 0.25, 0.5]"
faithfulness,faithfulness,"['loyalty', 'marriage', 'dog', 'tradition']","['VA', 'SC', 'VA', 'VA']","['other abstract concept', 'social constellation', 'association', 'other abstract concept']","[0.0, 0.0, 0.25, 0.75]"
genius,genius,"['insight', 'invention', 'eccentricity', 'breakthroughs']","['IS_E', 'SM', 'SC', 'VA']","['internal state and emotion', 'sensorimotor feature', 'social constellation', 'other abstract concept']","[0.25, 0.25, 0.25, 0.25]"
hate,hate,"['betrayal', 'protest', 'graffiti', 'heartbreak']","['SC', 'SC', 'VA', 'IS_E']","['social constellation', 'social constellation', 'association', 'internal state and emotion']","[0.0, 0.25, 0.5, 0.25]"
grace,grace,"['ballet', 'forgiveness', 'sunrise', 'gentle']","['SM', 'VA', 'VA', 'IS_E']","['sensorimotor feature', 'other abstract concept', 'association', 'internal state and emotion']","[0.25, 0.25, 0.0, 0.5]"
home,home,"['porch', 'bedtime', 'mailman', 'garden']","['SM', 'VA', 'SC', 'SM']","['sensorimotor feature', 'other abstract concept', 'social constellation', 'sensorimotor feature']","[0.5, 0.0, 0.25, 0.25]"
horror,horror,"['darkness', 'screams', 'abandoned house', 'trembling hands']","['SM', 'SM', 'VA', 'SM']","['sensorimotor feature', 'sensorimotor feature', 'association', 'sensorimotor feature']","[0.75, 0.0, 0.0, 0.25]"
illusion,illusion,"['mirage', 'stagecraft', 'perception', 'deception']","['SM', 'VA', 'IS_E', 'VA']","['sensorimotor feature', 'association', 'internal state and emotion', 'other abstract concept']","[0.25, 0.25, 0.0, 0.5]"
idea,idea,"['lightbulb', 'brainstorming', 'sketchbook', 'eureka']","['VA', 'SC', 'SM', 'IS_E']","['association', 'social constellation', 'sensorimotor feature', 'internal state and emotion']","[0.25, 0.25, 0.25, 0.25]"
impression,impression,"['fingerprint', 'first meeting', 'lasting memory', 'subtle influence']","['SM', 'SC', 'IS_E', 'VA']","['sensorimotor feature', 'social constellation', 'internal state and emotion', 'other abstract concept']","[0.25, 0.25, 0.25, 0.25]"
incentive,incentive,"['bonus', 'motivation', 'goal', 'reward']","['VA', 'IS_E', 'VA', 'SM']","['other abstract concept', 'internal state and emotion', 'other abstract concept', 'sensorimotor feature']","[0.25, 0.25, 0.0, 0.5]"
indifference,indifference,"['apathy', 'silence', 'blank stare', 'missed deadline']","['IS_E', 'SM', 'SM', 'VA']","['internal state and emotion', 'sensorimotor feature', 'sensorimotor feature', 'association']","[0.5, 0.25, 0.0, 0.25]"
justice,justice,"['courtroom', 'scales', 'protest', 'verdict']","['VA', 'SM', 'SC', 'VA']","['association', 'sensorimotor feature', 'social constellation', 'other abstract concept']","[0.25, 0.0, 0.25, 0.5]"
miracle,miracle,"['birth', 'recovery', 'rainstorm', 'lottery']","['SM', 'VA', 'VA', 'VA']","['sensorimotor feature', 'other abstract concept', 'association', 'association']","[0.25, 0.0, 0.0, 0.75]"
misdemeanor,misdemeanor,"['courtroom', 'ticket', 'minor', 'repeat offender']","['VA', 'SM', 'VA', 'SC']","['association', 'sensorimotor feature', 'other abstract concept', 'social constellation']","[0.25, 0.0, 0.25, 0.5]"
justification,justification,"['courtroom', 'excuse', 'paperwork', 'ethics']","['VA', 'VA', 'SM', 'VA']","['association', 'other abstract concept', 'sensorimotor feature', 'other abstract concept']","[0.25, 0.0, 0.0, 0.75]"
obligation,obligation,"['contract', 'duty', 'deadline', 'responsibility']","['SC', 'VA', 'SM', 'IS_E']","['social constellation', 'other abstract concept', 'sensorimotor feature', 'internal state and emotion']","[0.25, 0.25, 0.25, 0.25]"
observation,observation,"['telescope', 'journal', 'detective', 'sunrise']","['SM', 'VA', 'SC', 'SM']","['sensorimotor feature', 'association', 'social constellation', 'sensorimotor feature']","[0.5, 0.0, 0.25, 0.25]"
occupation,occupation,"['paycheck', 'uniform', 'schedule', 'training']","['VA', 'SM', 'VA', 'VA']","['association', 'sensorimotor feature', 'other abstract concept', 'other abstract concept']","[0.25, 0.0, 0.0, 0.75]"
luxury,luxury,"['private jet', 'silk sheets', 'champagne toast', 'exclusive gala']","['SM', 'SM', 'VA', 'SC']","['sensorimotor feature', 'sensorimotor feature', 'association', 'social constellation']","[0.5, 0.0, 0.25, 0.25]"
obedience,obedience,"['training', 'hierarchy', 'rituals', 'trust']","['SM', 'SC', 'VA', 'IS_E']","['sensorimotor feature', 'social constellation', 'other abstract concept', 'internal state and emotion']","[0.25, 0.25, 0.25, 0.25]"
order,order,"['queue', 'hierarchy', 'schedule', 'command']","['SM', 'SC', 'VA', 'SC']","['sensorimotor feature', 'social constellation', 'other abstract concept', 'social constellation']","[0.25, 0.0, 0.5, 0.25]"
pardon,pardon,"['courtroom', 'apology', 'second chances', 'diplomatic immunity']","['VA', 'SC', 'VA', 'SC']","['association', 'social constellation', 'other abstract concept', 'social constellation']","[0.0, 0.0, 0.5, 0.5]"
ostracism,ostracism,"['isolation', 'exile', 'silence', 'judgment']","['SC', 'SM', 'SM', 'VA']","['social constellation', 'sensorimotor feature', 'sensorimotor feature', 'other abstract concept']","[0.5, 0.0, 0.25, 0.25]"
protest,protest,"['rally', 'signs', 'chanting', 'police']","['SC', 'SM', 'SM', 'SC']","['social constellation', 'sensorimotor feature', 'sensorimotor feature', 'social constellation']","[0.5, 0.0, 0.5, 0.0]"
plan,plan,"['roadmap', 'budget', 'deadline', 'contingency']","['SM', 'VA', 'VA', 'VA']","['sensorimotor feature', 'other abstract concept', 'other abstract concept', 'other abstract concept']","[0.25, 0.0, 0.0, 0.75]"
punishment,punishment,"['courtroom', 'detention', 'remorse', 'discipline']","['VA', 'SM', 'IS_E', 'VA']","['association', 'sensorimotor feature', 'internal state and emotion', 'other abstract concept']","[0.25, 0.25, 0.0, 0.5]"
realization,realization,"['lightbulb', 'epiphany', 'breakthrough', 'clarity']","['VA', 'VA', 'VA', 'IS_E']","['association', 'other abstract concept', 'other abstract concept', 'internal state and emotion']","[0.0, 0.25, 0.0, 0.75]"
reassurance,reassurance,"['calm voice', 'gentle touch', 'steady gaze', 'comforting note']","['SM', 'SM', 'SM', 'SM']","['sensorimotor feature', 'sensorimotor feature', 'sensorimotor feature', 'sensorimotor feature']","[1.0, 0.0, 0.0, 0.0]"
recommendation,recommendation,"['research', 'trust', 'checklist', 'follow‑up']","['VA', 'IS_E', 'SM', 'SC']","['other abstract concept', 'internal state and emotion', 'sensorimotor feature', 'social constellation']","[0.25, 0.25, 0.25, 0.25]"
requirement,requirement,"['checklist', 'deadline', 'contract', 'budget']","['SM', 'VA', 'SC', 'VA']","['sensorimotor feature', 'other abstract concept', 'social constellation', 'other abstract concept']","[0.25, 0.0, 0.25, 0.5]"
resemblance,resemblance,"['twins', 'mirror', 'family portraits', 'echo']","['SC', 'SM', 'VA', 'SM']","['social constellation', 'sensorimotor feature', 'association', 'sensorimotor feature']","[0.5, 0.0, 0.25, 0.25]"
regret,regret,"['missed opportunity', 'lingering thoughts', 'torn letters', 'quiet night']","['VA', 'IS_E', 'SM', 'VA']","['other abstract concept', 'internal state and emotion', 'sensorimotor feature', 'association']","[0.25, 0.25, 0.0, 0.5]"
resistance,resistance,"['heat', 'protest', 'electrical circuit', 'stubbornness']","['SM', 'SC', 'VA', 'IS_E']","['sensorimotor feature', 'social constellation', 'association', 'internal state and emotion']","[0.25, 0.25, 0.25, 0.25]"
remorse,remorse,"['guilt', 'confession', 'sleepless nights', 'torn relationships']","['IS_E', 'SC', 'SM', 'SC']","['internal state and emotion', 'social constellation', 'sensorimotor feature', 'social constellation']","[0.25, 0.25, 0.5, 0.0]"
safety,safety,"['helmet', 'fire‑alarm', 'seatbelt', 'lockout‑tagout']","['SM', 'SM', 'SM', 'SM']","['sensorimotor feature', 'sensorimotor feature', 'sensorimotor feature', 'sensorimotor feature']","[1.0, 0.0, 0.0, 0.0]"
self-dependence,self-dependence,"['garden', 'solo travel', 'DIY repair', 'personal budget']","['VA', 'SC', 'SM', 'VA']","['association', 'social constellation', 'sensorimotor feature', 'other abstract concept']","[0.25, 0.0, 0.25, 0.5]"
shyness,shyness,"['blushing', 'quiet corners', 'hesitant voice', 'hidden diary']","['SM', 'SC', 'SM', 'VA']","['sensorimotor feature', 'social constellation', 'sensorimotor feature', 'association']","[0.5, 0.0, 0.25, 0.25]"
solitude,solitude,"['silence', 'night‑drive', 'empty bench', 'handwritten journal']","['SM', 'VA', 'SC', 'IS_E']","['sensorimotor feature', 'association', 'social constellation', 'internal state and emotion']","[0.25, 0.25, 0.25, 0.25]"
stress,stress,"['deadlines', 'tension', 'cortisol', 'sleeplessness']","['VA', 'IS_E', 'SM', 'SM']","['other abstract concept', 'internal state and emotion', 'sensorimotor feature', 'sensorimotor feature']","[0.5, 0.25, 0.0, 0.25]"
terrorism,terrorism,"['fear', 'propaganda', 'security', 'radicalization']","['IS_E', 'VA', 'VA', 'IS_E']","['internal state and emotion', 'association', 'other abstract concept', 'internal state and emotion']","[0.0, 0.5, 0.0, 0.5]"
thirst,thirst,"['desert', 'faucet', 'marathon', 'sunrise']","['VA', 'SM', 'SC', 'VA']","['association', 'sensorimotor feature', 'social constellation', 'association']","[0.25, 0.0, 0.25, 0.5]"
view,view,"['horizon', 'telescope', 'gallery', 'perspective']","['SM', 'SM', 'SC', 'VA']","['sensorimotor feature', 'sensorimotor feature', 'social constellation', 'other abstract concept']","[0.5, 0.0, 0.25, 0.25]"
victory,victory,"['trophy', 'parade', 'celebration', 'relief']","['SM', 'SC', 'SC', 'IS_E']","['sensorimotor feature', 'social constellation', 'social constellation', 'internal state and emotion']","[0.25, 0.25, 0.5, 0.0]"
violation,violation,"['law', 'protest', 'breach', 'penalty']","['VA', 'SC', 'SM', 'VA']","['other abstract concept', 'social constellation', 'sensorimotor feature', 'association']","[0.25, 0.0, 0.25, 0.5]"
welfare,welfare,"['safety net', 'community clinic', 'unemployment benefits', 'food pantry']","['VA', 'SM', 'SC', 'SM']","['other abstract concept', 'sensorimotor feature', 'social constellation', 'sensorimotor feature']","[0.5, 0.0, 0.25, 0.25]"
wonder,wonder,"['starlight', 'curiosity', 'adventure', 'awe']","['SM', 'IS_E', 'VA', 'IS_E']","['sensorimotor feature', 'internal state and emotion', 'other abstract concept', 'internal state and emotion']","[0.25, 0.5, 0.0, 0.25]"
willingness,willingness,"['volunteer', 'adventure', 'open‑door policy', 'early morning jogs']","['SC', 'VA', 'SC', 'SM']","['social constellation', 'other abstract concept', 'social constellation', 'sensorimotor feature']","[0.25, 0.0, 0.5, 0.25]"
